CREATE TABLE ONE_NF(
USER_ID VARCHAR(15),
U_EMAIL VARCHAR(30),
FNAME VARCHAR(20),
LNAME VARCHAR(20),
CITY VARCHAR(20),
STATE VARCHAR(20),
ZIP NUMBER(20)
);

 --SELECT * FROM ONE_NF;

--DROP TABLE ONE_NF;

INSERT INTO ONE_NF(USER_ID,U_EMAIL,FNAME,LNAME,CITY,STATE,ZIP)
VALUES('MA12','alex@ymail.com','Alex','Jones','Houston','Texas',75001);

INSERT INTO ONE_NF(USER_ID,U_EMAIL,FNAME,LNAME,CITY,STATE,ZIP)
VALUES('PO45','emma.john@gmail.co','Emma','Stone','Albany','New York',10008);

INSERT INTO ONE_NF(USER_ID,U_EMAIL,FNAME,LNAME,CITY,STATE,ZIP)
VALUES('LA33','victoria@yahoo.co','Victoria','Aurora','Istanbul','Turkey',34000);

INSERT INTO ONE_NF(USER_ID,U_EMAIL,FNAME,LNAME,CITY,STATE,ZIP)
VALUES('CH99','joe.1997@hotmail.com','Joe','Johnson','Los Angeles','California',90201);

INSERT INTO ONE_NF(USER_ID,U_EMAIL,FNAME,LNAME,CITY,STATE,ZIP)
VALUES('DA74','dlany01@live.com','Dany','William','Maimi','Florida',32006);

SELECT * FROM ONE_NF;

CREATE TABLE TWO_NF_TABLE1(
USER_ID VARCHAR(15),
FNAME VARCHAR(20),
LNAME VARCHAR(20),
ZIP NUMBER(20)
);

--SELECT * FROM ONE_NF;

--DROP TABLE TWO_NF_TABLE1;

INSERT INTO TWO_NF_TABLE1(USER_ID,FNAME,LNAME,ZIP)
VALUES('MA12','ALEX','JONES',75001);

INSERT INTO TWO_NF_TABLE1(USER_ID,FNAME,LNAME,ZIP)
VALUES('PO45','EMMA','STONE',10008);

INSERT INTO TWO_NF_TABLE1(USER_ID,FNAME,LNAME,ZIP)
VALUES('LA33','VICTORIA','AURORA',34000);

INSERT INTO TWO_NF_TABLE1(USER_ID,FNAME,LNAME,ZIP)
VALUES('CH99','JOE','JOHNSON',90201);

INSERT INTO TWO_NF_TABLE1(USER_ID,FNAME,LNAME,ZIP)
VALUES('DA74','DANY','WILLIAM',32006);

SELECT * FROM TWO_NF_TABLE1;

--ALTER TABLE TWO_NF_TABLE1
--DROP COLUMN ZIP;
 
CREATE TABLE TWO_NF_TABLE2(
USER_ID VARCHAR(15),
USER_EMAIL VARCHAR(30)
);

--SELECT * FROM TWO_NF_TABLE2;

INSERT INTO TWO_NF_TABLE2(USER_ID,USER_EMAIL)
VALUES('MA12','alex@ymail.com');

INSERT INTO TWO_NF_TABLE2(USER_ID,USER_EMAIL)
VALUES('PO45','emma.john@gmail.co');

INSERT INTO TWO_NF_TABLE2(USER_ID,USER_EMAIL)
VALUES('LA33','victoria@yahoo.co');

INSERT INTO TWO_NF_TABLE2(USER_ID,USER_EMAIL)
VALUES('CH99','joe.1997@hotmail.com');

INSERT INTO TWO_NF_TABLE2(USER_ID,USER_EMAIL)
VALUES('DA74','dlany01@live.com');

SELECT * FROM TWO_NF_TABLE2;

CREATE TABLE THREE_NF(
ZIP NUMBER(20),
STATE VARCHAR(20),
CITY VARCHAR(20)
);

INSERT INTO THREE_NF(ZIP,STATE,CITY)
VALUES(75001,'Texas','Houston');

INSERT INTO THREE_NF(ZIP,STATE,CITY)
VALUES(10008,'New York','Albany');

INSERT INTO THREE_NF(ZIP,STATE,CITY)
VALUES(34000,'Turkey','Istanbul');

INSERT INTO THREE_NF(ZIP,STATE,CITY)
VALUES(90201,'California','Los Angeles');

INSERT INTO THREE_NF(ZIP,STATE,CITY)
VALUES(32006,'Florida','Miami');

SELECT * FROM THREE_NF;